Workbook

Sheet Girdiler
A1: MİKRO MÜKELLEFİYET MALİ ETKİ MODELİ: GİRDİLER (sarı hücreler değiştirilebilir)
A2: Aktif senaryo (1=Kötümser, 2=Orta, 3=İyimser): | D2: 2
A3: Tüm tutarlar sabit 2026 TL. Girdilerin çoğu ölçülmemiş varsayımdır (Kaynak sütununa bakınız).
A5: Girdi | B5: Kod | C5: Kötümser | D5: Orta | E5: İyimser | F5: AKTİF | G5: Kaynak/durum
A6: Brüt asgari ücret (TL/ay) | B6: W | C6: 33030 | D6: 33030 | E6: 33030 | F6: =INDEX(C6:E6,$D$2) | G6: Birden çok kaynakta tutarlı; resmî metin okunmadı
A7: Medyan yıllık hasılat (asgari ücret katı) | B7: medyan_W | C7: 4 | D7: 5 | E7: 6 | F7: =INDEX(C7:E7,$D$2) | G7: Varsayım
A8: Hasılat dağılımı yayılımı (σ, log-normal) | B8: sigma | C8: 0.9 | D8: 0.9 | E8: 0.9 | F8: =INDEX(C8:E8,$D$2) | G8: Varsayım
A9: Katılımcı sayısı (kararlı durum, kişi) | B9: n_toplam | C9: 150000 | D9: 350000 | E9: 700000 | F9: =INDEX(C9:E9,$D$2) | G9: Varsayım; veri talebi: GİB, SGK
A10: Halen kayıtlı olup rejime geçenlerin payı (s) | B10: s_kayitli | C10: 0.3 | D10: 0.15 | E10: 0.05 | F10: =INDEX(C10:E10,$D$2) | G10: Varsayım; prim sürdüğü için sonucu az etkiler
A11: Halen kayıtlı olanın 4/b primine devamı (1 = prim sürer) | B11: prim_devam | C11: 1 | D11: 1 | E11: 1 | F11: =INDEX(C11:E11,$D$2) | G11: Teklif Madde 1 (p)
A12: Ücretli ek gelir payı (u) | B12: u_ucretli | C12: 0.25 | D12: 0.2 | E12: 0.15 | F12: =INDEX(C12:E12,$D$2) | G12: Varsayım
A13: Götürü gider oranı | B13: gider | C13: 0.3 | D13: 0.3 | E13: 0.3 | F13: =INDEX(C13:E13,$D$2) | G13: Teklif Madde 1 (a)
A14: BES aktarım oranı (tevkifatın) | B14: bes | C14: 0.03 | D14: 0.03 | E14: 0.03 | F14: =INDEX(C14:E14,$D$2) | G14: Teklif Madde 9
A15: Devlet katkısı oranı | B15: devlet_katki | C15: 0.2 | D15: 0.2 | E15: 0.2 | F15: =INDEX(C15:E15,$D$2) | G15: 4632 Ek 1 + 10811 sayılı Karar (ikincil)
A16: BES vazgeçme payı | B16: bes_vazgecme | C16: 0.2 | D16: 0.35 | E16: 0.5 | F16: =INDEX(C16:E16,$D$2) | G16: Varsayım
A17: MYÖ prim oranı | B17: myo_oran | C17: 0.21 | D17: 0.21 | E17: 0.21 | F17: =INDEX(C17:E17,$D$2) | G17: 5510 m.81
... A42: Denetim gideri (brüt tevkifatın oranı) | B42: denetim | C42: 0.01 | D42: 0.01 | E42: 0.01 | F42: =INDEX(C42:E42,$D$2) | G42: Varsayım
A45: GVK m.103 tarifesi (2026 parantez içi tutarlar)
A46: Dilim üst sınırı (TL) | B46: Oran | C46: Artış (Δ) | D46: Alt sınır
A47: 190000 | B47: 0.15 | C47: =B47 | D47: 0
A48: 400000 | B48: 0.2 | C48: =B48-B47 | D48: =A47
A49: 1000000 | B49: 0.27 | C49: =B49-B48 | D49: =A48
A50: 5300000 | B50: 0.35 | C50: =B50-B49 | D50: =A49
A51: 1000000000000 | B51: 0.4 | C51: =B51-B50 | D51: =A50

Sheet Hesap
A1: k | B1: H alt | C1: H üst | D1: H orta | E1: ağırlık | F1: Safi matrah | G1: Tevkifat T | H1: Etkin oran | I1: BES+Devlet katkısı | J1: 90 gün prim | K1: KDV mahsubu | L1: Eski vergi (kayıtlı) | M1: Eski prim | N1: Eski vergi (ücretli)
A2: 0 | B2: =(0.1*Girdiler!$F$6)*((24*Girdiler!$F$6)/(0.1*Girdiler!$F$6))^(A2/60) | C2: =(0.1*Girdiler!$F$6)*((24*Girdiler!$F$6)/(0.1*Girdiler!$F$6))^((A2+1)/60) | D2: =SQRT(B2*C2) | E2: =(NORMSDIST((LN(C2)-LN(Girdiler!$F$7*Girdiler!$F$6))/Girdiler!$F$8)-NORMSDIST((LN(B2)-LN(Girdiler!$F$7*Girdiler!$F$6))/Girdiler!$F$8))/(NORMSDIST((LN((24*Girdiler!$F$6))-LN(Girdiler!$F$7*Girdiler!$F$6))/Girdiler!$F$8)-NORMSDIST((LN((0.1*Girdiler!$F$6))-LN(Girdiler!$F$7*Girdiler!$F$6))/Girdiler!$F$8)) | F2: =(1-Girdiler!$F$13)*D2 | G2: =SUMPRODUCT((F2>Girdiler!$D$47:$D$51)*(F2-Girdiler!$D$47:$D$51)*Girdiler!$C$47:$C$51) | H2: =G2/D2 | I2: =Girdiler!$F$14*G2*(1-Girdiler!$F$16)*(1+Girdiler!$F$15) | J2: =IF(D2>=12*Girdiler!$F$6,Girdiler!$F$19*Girdiler!$F$18*Girdiler!$F$6*Girdiler!$F$17,0) | K2: =Girdiler!$F$20*MIN(Girdiler!$F$22*G2,Girdiler!$F$21) | L2: =SUMPRODUCT((Girdiler!$F$23*D2>Girdiler!$D$47:$D$51)*(Girdiler!$F$23*D2-Girdiler!$D$47:$D$51)*Girdiler!$C$47:$C$51) | M2: =Girdiler!$F$25*Girdiler!$F$24*(1-Girdiler!$F$11) | N2: =Girdiler!$F$27*Girdiler!$F$26*Girdiler!$F$23*D2
A3: 1 | B3: =(0.1*Girdiler!$F$6)*((24*Girdiler!$F$6)/(0.1*Girdiler!$F$6))^(A3/60) | C3: =(0.1*Girdiler!$F$6)*((24*Girdiler!$F$6)/(0.1*Girdiler!$F$6))^((A3+1)/60) | D3: =SQRT(B3*C3) | E3: =(NORMSDIST((LN(C3)-LN(Girdiler!$F$7*Girdiler!$F$6))/Girdiler!$F$8)-NORMSDIST((LN(B3)-LN(Girdiler!$F$7*Girdiler!$F$6))/Girdiler!$F$8))/(NORMSDIST((LN((24*Girdiler!$F$6))-LN(Girdiler!$F$7*Girdiler!$F$6))/Girdiler!$F$8)-NORMSDIST((LN((0.1*Girdiler!$F$6))-LN(Girdiler!$F$7*Girdiler!$F$6))/Girdiler!$F$8)) | F3: =(1-Girdiler!$F$13)*D3 | G3: =SUMPRODUCT((F3>Girdiler!$D$47:$D$51)*(F3-Girdiler!$D$47:$D$51)*Girdiler!$C$47:$C$51) | H3: =G3/D3 | I3: =Girdiler!$F$14*G3*(1-Girdiler!$F$16)*(1+Girdiler!$F$15) | J3: =IF(D3>=12*Girdiler!$F$6,Girdiler!$F$19*Girdiler!$F$18*Girdiler!$F$6*Girdiler!$F$17,0) | K3: =Girdiler!$F$20*MIN(Girdiler!$F$22*G3,Girdiler!$F$21) | L3: =SUMPRODUCT((Girdiler!$F$23*D3>Girdiler!$D$47:$D$51)*(Girdiler!$F$23*D3-Girdiler!$D$47:$D$51)*Girdiler!$C$47:$C$51) | M3: =Girdiler!$F$25*Girdiler!$F$24*(1-Girdiler!$F$11) | N3: =Girdiler!$F$27*Girdiler!$F$26*Girdiler!$F$23*D3
A4: 2 | B4: =(0.1*Girdiler!$F$6)*((24*Girdiler!$F$6)/(0.1*Girdiler!$F$6))^(A4/60) | C4: =(0.1*Girdiler!$F$6)*((24*Girdiler!$F$6)/(0.1*Girdiler!$F$6))^((A4+1)/60) | D4: =SQRT(B4*C4) | E4: =(NORMSDIST((LN(C4)-LN(Girdiler!$F$7*Girdiler!$F$6))/Girdiler!$F$8)-NORMSDIST((LN(B4)-LN(Girdiler!$F$7*Girdiler!$F$6))/Girdiler!$F$8))/(NORMSDIST((LN((24*Girdiler!$F$6))-LN(Girdiler!$F$7*Girdiler!$F$6))/Girdiler!$F$8)-NORMSDIST((LN((0.1*Girdiler!$F$6))-LN(Girdiler!$F$7*Girdiler!$F$6))/Girdiler!$F$8)) | F4: =(1-Girdiler!$F$13)*D4 | G4: =SUMPRODUCT((F4>Girdiler!$D$47:$D$51)*(F4-Girdiler!$D$47:$D$51)*Girdiler!$C$47:$C$51) | H4: =G4/D4 | I4: =Girdiler!$F$14*G4*(1-Girdiler!$F$16)*(1+Girdiler!$F$15) | J4: =IF(D4>=12*Girdiler!$F$6,Girdiler!$F$19*Girdiler!$F$18*Girdiler!$F$6*Girdiler!$F$17,0) | K4: =Girdiler!$F$20*MIN(Girdiler!$F$22*G4,Girdiler!$F$21) | L4: =SUMPRODUCT((Girdiler!$F$23*D4>Girdiler!$D$47:$D$51)*(Girdiler!$F$23*D4-Girdiler!$D$47:$D$51)*Girdiler!$C$47:$C$51) | M4: =Girdiler!$F$25*Girdiler!$F$24*(1-Girdiler!$F$11) | N4: =Girdiler!$F$27*Girdiler!$F$26*Girdiler!$F$23*D4
A5: 3 | B5: =(0.1*Girdiler!$F$6)*((24*Girdiler!$F$6)/(0.1*Girdiler!$F$6))^(A5/60) | C5: =(0.1*Girdiler!$F$6)*((24*Girdiler!$F$6)/(0.1*Girdiler!$F$6))^((A5+1)/60) | D5: =SQRT(B5*C5) | E5: =(NORMSDIST((LN(C5)-LN(Girdiler!$F$7*Girdiler!$F$6))/Girdiler!$F$8)-NORMSDIST((LN(B5)-LN(Girdiler!$F$7*Girdiler!$F$6))/Girdiler!$F$8))/(NORMSDIST((LN((24*Girdiler!$F$6))-LN(Girdiler!$F$7*Girdiler!$F$6))/Girdiler!$F$8)-NORMSDIST((LN((0.1*Girdiler!$F$6))-LN(Girdiler!$F$7*Girdiler!$F$6))/Girdiler!$F$8)) | F5: =(1-Girdiler!$F$13)*D5 | G5: =SUMPRODUCT((F5>Girdiler!$D$47:$D$51)*(F5-Girdiler!$D$47:$D$51)*Girdiler!$C$47:$C$51) | H5: =G5/D5 | I5: =Girdiler!$F$14*G5*(1-Girdiler!$F$16)*(1+Girdiler!$F$15) | J5: =IF(D5>=12*Girdiler!$F$6,Girdiler!$F$19*Girdiler!$F$18*Girdiler!$F$6*Girdiler!$F$17,0) | K5: =Girdiler!$F$20*MIN(Girdiler!$F$22*G5,Girdiler!$F$21) | L5: =SUMPRODUCT((Girdiler!$F$23*D5>Girdiler!$D$47:$D$51)*(Girdiler!$F$23*D5-Girdiler!$D$47:$D$51)*Girdiler!$C$47:$C$51) | M5: =Girdiler!$F$25*Girdiler!$F$24*(1-Girdiler!$F$11) | N5: =Girdiler!$F$27*Girdiler!$F$26*Girdiler!$F$23*D5
A6: 4 | B6: =(0.1*Girdiler!$F$6)*((24*Girdiler!$F$6)/(0.1*Girdiler!$F$6))^(A6/60) | C6: =(0.1*Girdiler!$F$6)*((24*Girdiler!$F$6)/(0.1*Girdiler!$F$6))^((A6+1)/60) | D6: =SQRT(B6*C6) | E6: =(NORMSDIST((LN(C6)-LN(Girdiler!$F$7*Girdiler!$F$6))/Girdiler!$F$8)-NORMSDIST((LN(B6)-LN(Girdiler!$F$7*Girdiler!$F$6))/Girdiler!$F$8))/(NORMSDIST((LN((24*Girdiler!$F$6))-LN(Girdiler!$F$7*Girdiler!$F$6))/Girdiler!$F$8)-NORMSDIST((LN((0.1*Girdiler!$F$6))-LN(Girdiler!$F$7*Girdiler!$F$6))/Girdiler!$F$8)) | F6: =(1-Girdiler!$F$13)*D6 | G6: =SUMPRODUCT((F6>Girdiler!$D$47:$D$51)*(F6-Girdiler!$D$47:$D$51)*Girdiler!$C$47:$C$51) | H6: =G6/D6 | I6: =Girdiler!$F$14*G6*(1-Girdiler!$F$16)*(1+Girdiler!$F$15) | J6: =IF(D6>=12*Girdiler!$F$6,Girdiler!$F$19*Girdiler!$F$18*Girdiler!$F$6*Girdiler!$F$17,0) | K6: =Girdiler!$F$20*MIN(Girdiler!$F$22*G6,Girdiler!$F$21) | L6: =SUMPRODUCT((Girdiler!$F$23*D6>Girdiler!$D$47:$D$51)*(Girdiler!$F$23*D6-Girdiler!$D$47:$D$51)*Girdiler!$C$47:$C$51) | M6: =Girdiler!$F$25*Girdiler!$F$24*(1-Girdiler!$F$11) | N6: =Girdiler!$F$27*Girdiler!$F$26*Girdiler!$F$23*D6
A7: 5 | B7: =(0.1*Girdiler!$F$6)*((24*Girdiler!$F$6)/(0.1*Girdiler!$F$6))^(A7/60) | C7: =(0.1*Girdiler!$F$6)*((24*Girdiler!$F$6)/(0.1*Girdiler!$F$6))^((A7+1)/60) | D7: =SQRT(B7*C7) | E7: =(NORMSDIST((LN(C7)-LN(Girdiler!$F$7*Girdiler!$F$6))/Girdiler!$F$8)-NORMSDIST((LN(B7)-LN(Girdiler!$F$7*Girdiler!$F$6))/Girdiler!$F$8))/(NORMSDIST((LN((24*Girdiler!$F$6))-LN(Girdiler!$F$7*Girdiler!$F$6))/Girdiler!$F$8)-NORMSDIST((LN((0.1*Girdiler!$F$6))-LN(Girdiler!$F$7*Girdiler!$F$6))/Girdiler!$F$8)) | F7: =(1-Girdiler!$F$13)*D7 | G7: =SUMPRODUCT((F7>Girdiler!$D$47:$D$51)*(F7-Girdiler!$D$47:$D$51)*Girdiler!$C$47:$C$51) | H7: =G7/D7 | I7: =Girdiler!$F$14*G7*(1-Girdiler!$F$16)*(1+Girdiler!$F$15) | J7: =IF(D7>=12*Girdiler!$F$6,Girdiler!$F$19*Girdiler!$F$18*Girdiler!$F$6*Girdiler!$F$17,0) | K7: =Girdiler!$F$20*MIN(Girdiler!$F$22*G7,Girdiler!$F$21) | L7: =SUMPRODUCT((Girdiler!$F$23*D7>Girdiler!$D$47:$D$51)*(Girdiler!$F$23*D7-Girdiler!$D$47:$D$51)*Girdiler!$C$47:$C$51) | M7: =Girdiler!$F$25*Girdiler!$F$24*(1-Girdiler!$F$11) | N7: =Girdiler!$F$27*Girdiler!$F$26*Girdiler!$F$23*D7
A8: 6 | B8: =(0.1*Girdiler!$F$6)*((24*Girdiler!$F$6)/(0.1*Girdiler!$F$6))^(A8/60) | C8: =(0.1*Girdiler!$F$6)*((24*Girdiler!$F$6)/(0.1*Girdiler!$F$6))^((A8+1)/60) | D8: =SQRT(B8*C8) | E8: =(NORMSDIST((LN(C8)-LN(Girdiler!$F$7*Girdiler!$F$6))/Girdiler!$F$8)-NORMSDIST((LN(B8)-LN(Girdiler!$F$7*Girdiler!$F$6))/Girdiler!$F$8))/(NORMSDIST((LN((24*Girdiler!$F$6))-LN(Girdiler!$F$7*Girdiler!$F$6))/Girdiler!$F$8)-NORMSDIST((LN((0.1*Girdiler!$F$6))-LN(Girdiler!$F$7*Girdiler!$F$6))/Girdiler!$F$8)) | F8: =(1-Girdiler!$F$13)*D8 | G8: =SUMPRODUCT((F8>Girdiler!$D$47:$D$51)*(F8-Girdiler!$D$47:$D$51)*Girdiler!$C$47:$C$51) | H8: =G8/D8 | I8: =Girdiler!$F$14*G8*(1-Girdiler!$F$16)*(1+Girdiler!$F$15) | J8: =IF(D8>=12*Girdiler!$F$6,Girdiler!$F$19*Girdiler!$F$18*Girdiler!$F$6*Girdiler!$F$17,0) | K8: =Girdiler!$F$20*MIN(Girdiler!$F$22*G8,Girdiler!$F$21) | L8: =SUMPRODUCT((Girdiler!$F$23*D8>Girdiler!$D$47:$D$51)*(Girdiler!$F$23*D8-Girdiler!$D$47:$D$51)*Girdiler!$C$47:$C$51) | M8: =Girdiler!$F$25*Girdiler!$F$24*(1-Girdiler!$F$11) | N8: =Girdiler!$F$27*Girdiler!$F$26*Girdiler!$F$23*D8
A9: 7 | B9: =(0.1*Girdiler!$F$6)*((24*Girdiler!$F$6)/(0.1*Girdiler!$F$6))^(A9/60) | C9: =(0.1*Girdiler!$F$6)*((24*Girdiler!$F$6)/(0.1*Girdiler!$F$6))^((A9+1)/60) | D9: =SQRT(B9*C9) | E9: =(NORMSDIST((LN(C9)-LN(Girdiler!$F$7*Girdiler!$F$6))/Girdiler!$F$8)-NORMSDIST((LN(B9)-LN(Girdiler!$F$7*Girdiler!$F$6))/Girdiler!$F$8))/(NORMSDIST((LN((24*Girdiler!$F$6))-LN(Girdiler!$F$7*Girdiler!$F$6))/Girdiler!$F$8)-NORMSDIST((LN((0.1*Girdiler!$F$6))-LN(Girdiler!$F$7*Girdiler!$F$6))/Girdiler!$F$8)) | F9: =(1-Girdiler!$F$13)*D9 | G9: =SUMPRODUCT((F9>Girdiler!$D$47:$D$51)*(F9-Girdiler!$D$47:$D$51)*Girdiler!$C$47:$C$51) | H9: =G9/D9 | I9: =Girdiler!$F$14*G9*(1-Girdiler!$F$16)*(1+Girdiler!$F$15) | J9: =IF(D9>=12*Girdiler!$F$6,Girdiler!$F$19*Girdiler!$F$18*Girdiler!$F$6*Girdiler!$F$17,0) | K9: =Girdiler!$F$20*MIN(Girdiler!$F$22*G9,Girdiler!$F$21) | L9: =SUMPRODUCT((Girdiler!$F$23*D9>Girdiler!$D$47:$D$51)*(Girdiler!$F$23*D9-Girdiler!$D$47:$D$51)*Girdiler!$C$47:$C$51) | M9: =Girdiler!$F$25*Girdiler!$F$24*(1-Girdiler!$F$11) | N9: =Girdiler!$F$27*Girdiler!$F$26*Girdiler!$F$23*D9
A10: 8 | B10: =(0.1*Girdiler!$F$6)*((24*Girdiler!$F$6)/(0.1*Girdiler!$F$6))^(A10/60) | C10: =(0.1*Girdiler!$F$6)*((24*Girdiler!$F$6)/(0.1*Girdiler!$F$6))^((A10+1)/60) | D10: =SQRT(B10*C10) | E10: =(NORMSDIST((LN(C10)-LN(Girdiler!$F$7*Girdiler!$F$6))/Girdiler!$F$8)-NORMSDIST((LN(B10)-LN(Girdiler!$F$7*Girdiler!$F$6))/Girdiler!$F$8))/(NORMSDIST((LN((24*Girdiler!$F$6))-LN(Girdiler!$F$7*Girdiler!$F$6))/Girdiler!$F$8)-NORMSDIST((LN((0.1*Girdiler!$F$6))-LN(Girdiler!$F$7*Girdiler!$F$6))/Girdiler!$F$8)) | F10: =(1-Girdiler!$F$13)*D10 | G10: =SUMPRODUCT((F10>Girdiler!$D$47:$D$51)*(F10-Girdiler!$D$47:$D$51)*Girdiler!$C$47:$C$51) | H10: =G10/D10 | I10: =Girdiler!$F$14*G10*(1-Girdiler!$F$16)*(1+Girdiler!$F$15) | J10: =IF(D10>=12*Girdiler!$F$6,Girdiler!$F$19*Girdiler!$F$18*Girdiler!$F$6*Girdiler!$F$17,0) | K10: =Girdiler!$F$20*MIN(Girdiler!$F$22*G10,Girdiler!$F$21) | L10: =SUMPRODUCT((Girdiler!$F$23*D10>Girdiler!$D$47:$D$51)*(Girdiler!$F$23*D10-Girdiler!$D$47:$D$51)*Girdiler!$C$47:$C$51) | M10: =Girdiler!$F$25*Girdiler!$F$24*(1-Girdiler!$F$11) | N10: =Girdiler!$F$27*Girdiler!$F$26*Girdiler!$F$23*D10
A11: 9 | B11: =(0.1*Girdiler!$F$6)*((24*Girdiler!$F$6)/(0.1*Girdiler!$F$6))^(A11/60) | C11: =(0.1*Girdiler!$F$6)*((24*Girdiler!$F$6)/(0.1*Girdiler!$F$6))^((A11+1)/60) | D11: =SQRT(B11*C11) | E11: =(NORMSDIST((LN(C11)-LN(Girdiler!$F$7*Girdiler!$F$6))/Girdiler!$F$8)-NORMSDIST((LN(B11)-LN(Girdiler!$F$7*Girdiler!$F$6))/Girdiler!$F$8))/(NORMSDIST((LN((24*Girdiler!$F$6))-LN(Girdiler!$F$7*Girdiler!$F$6))/Girdiler!$F$8)-NORMSDIST((LN((0.1*Girdiler!$F$6))-LN(Girdiler!$F$7*Girdiler!$F$6))/Girdiler!$F$8)) | F11: =(1-Girdiler!$F$13)*D11 | G11: =SUMPRODUCT((F11>Girdiler!$D$47:$D$51)*(F11-Girdiler!$D$47:$D$51)*Girdiler!$C$47:$C$51) | H11: =G11/D11 | I11: =Girdiler!$F$14*G11*(1-Girdiler!$F$16)*(1+Girdiler!$F$15) | J11: =IF(D11>=12*Girdiler!$F$6,Girdiler!$F$19*Girdiler!$F$18*Girdiler!$F$6*Girdiler!$F$17,0) | K11: =Girdiler!$F$20*MIN(Girdiler!$F$22*G11,Girdiler!$F$21) | L11: =SUMPRODUCT((Girdiler!$F$23*D11>Girdiler!$D$47:$D$51)*(Girdiler!$F$23*D11-Girdiler!$D$47:$D$51)*Girdiler!$C$47:$C$51) | M11: =Girdiler!$F$25*Girdiler!$F$24*(1-Girdiler!$F$11) | N11: =Girdiler!$F$27*Girdiler!$F$26*Girdiler!$F$23*D11
A12: 10 | B12: =(0.1*Girdiler!$F$6)*((24*Girdiler!$F$6)/(0.1*Girdiler!$F$6))^(A12/60) | C12: =(0.1*Girdiler!$F$6)*((24*Girdiler!$F$6)/(0.1*Girdiler!$F$6))^((A12+1)/60) | D12: =SQRT(B12*C12) | E12: =(NORMSDIST((LN(C12)-LN(Girdiler!$F$7*Girdiler!$F$6))/Girdiler!$F$8)-NORMSDIST((LN(B12)-LN(Girdiler!$F$7*Girdiler!$F$6))/Girdiler!$F$8))/(NORMSDIST((LN((24*Girdiler!$F$6))-LN(Girdiler!$F$7*Girdiler!$F$6))/Girdiler!$F$8)-NORMSDIST((LN((0.1*Girdiler!$F$6))-LN(Girdiler!$F$7*Girdiler!$F$6))/Girdiler!$F$8)) | F12: =(1-Girdiler!$F$13)*D12 | G12: =SUMPRODUCT((F12>Girdiler!$D$47:$D$51)*(F12-Girdiler!$D$47:$D$51)*Girdiler!$C$47:$C$51) | H12: =G12/D12 | I12: =Girdiler!$F$14*G12*(1-Girdiler!$F$16)*(1+Girdiler!$F$15) | J12: =IF(D12>=12*Girdiler!$F$6,Girdiler!$F$19*Girdiler!$F$18*Girdiler!$F$6*Girdiler!$F$17,0) | K12: =Girdiler!$F$20*MIN(Girdiler!$F$22*G12,Girdiler!$F$21) | L12: =SUMPRODUCT((Girdiler!$F$23*D12>Girdiler!$D$47:$D$51)*(Girdiler!$F$23*D12-Girdiler!$D$47:$D$51)*Girdiler!$C$47:$C$51) | M12: =Girdiler!$F$25*Girdiler!$F$24*(1-Girdiler!$F$11) | N12: =Girdiler!$F$27*Girdiler!$F$26*Girdiler!$F$23*D12
A13: 11 | B13: =(0.1*Girdiler!$F$6)*((24*Girdiler!$F$6)/(0.1*Girdiler!$F$6))^(A13/60) | C13: =(0.1*Girdiler!$F$6)*((24*Girdiler!$F$6)/(0.1*Girdiler!$F$6))^((A13+1)/60) | D13: =SQRT(B13*C13) | E13: =(NORMSDIST((LN(C13)-LN(Girdiler!$F$7*Girdiler!$F$6))/Girdiler!$F$8)-NORMSDIST((LN(B13)-LN(Girdiler!$F$7*Girdiler!$F$6))/Girdiler!$F$8))/(NORMSDIST((LN((24*Girdiler!$F$6))-LN(Girdiler!$F$7*Girdiler!$F$6))/Girdiler!$F$8)-NORMSDIST((LN((0.1*Girdiler!$F$6))-LN(Girdiler!$F$7*Girdiler!$F$6))/Girdiler!$F$8)) | F13: =(1-Girdiler!$F$13)*D13 | G13: =SUMPRODUCT((F13>Girdiler!$D$47:$D$51)*(F13-Girdiler!$D$47:$D$51)*Girdiler!$C$47:$C$51) | H13: =G13/D13 | I13: =Girdiler!$F$14*G13*(1-Girdiler!$F$16)*(1+Girdiler!$F$15) | J13: =IF(D13>=12*Girdiler!$F$6,Girdiler!$F$19*Girdiler!$F$18*Girdiler!$F$6*Girdiler!$F$17,0) | K13: =Girdiler!$F$20*MIN(Girdiler!$F$22*G13,Girdiler!$F$21) | L13: =SUMPRODUCT((Girdiler!$F$23*D13>Girdiler!$D$47:$D$51)*(Girdiler!$F$23*D13-Girdiler!$D$47:$D$51)*Girdiler!$C$47:$C$51) | M13: =Girdiler!$F$25*Girdiler!$F$24*(1-Girdiler!$F$11) | N13: =Girdiler!$F$27*Girdiler!$F$26*Girdiler!$F$23*D13
... A61: 59 | B61: =(0.1*Girdiler!$F$6)*((24*Girdiler!$F$6)/(0.1*Girdiler!$F$6))^(A61/60) | C61: =(0.1*Girdiler!$F$6)*((24*Girdiler!$F$6)/(0.1*Girdiler!$F$6))^((A61+1)/60) | D61: =SQRT(B61*C61) | E61: =(NORMSDIST((LN(C61)-LN(Girdiler!$F$7*Girdiler!$F$6))/Girdiler!$F$8)-NORMSDIST((LN(B61)-LN(Girdiler!$F$7*Girdiler!$F$6))/Girdiler!$F$8))/(NORMSDIST((LN((24*Girdiler!$F$6))-LN(Girdiler!$F$7*Girdiler!$F$6))/Girdiler!$F$8)-NORMSDIST((LN((0.1*Girdiler!$F$6))-LN(Girdiler!$F$7*Girdiler!$F$6))/Girdiler!$F$8)) | F61: =(1-Girdiler!$F$13)*D61 | G61: =SUMPRODUCT((F61>Girdiler!$D$47:$D$51)*(F61-Girdiler!$D$47:$D$51)*Girdiler!$C$47:$C$51) | H61: =G61/D61 | I61: =Girdiler!$F$14*G61*(1-Girdiler!$F$16)*(1+Girdiler!$F$15) | J61: =IF(D61>=12*Girdiler!$F$6,Girdiler!$F$19*Girdiler!$F$18*Girdiler!$F$6*Girdiler!$F$17,0) | K61: =Girdiler!$F$20*MIN(Girdiler!$F$22*G61,Girdiler!$F$21) | L61: =SUMPRODUCT((Girdiler!$F$23*D61>Girdiler!$D$47:$D$51)*(Girdiler!$F$23*D61-Girdiler!$D$47:$D$51)*Girdiler!$C$47:$C$51) | M61: =Girdiler!$F$25*Girdiler!$F$24*(1-Girdiler!$F$11) | N61: =Girdiler!$F$27*Girdiler!$F$26*Girdiler!$F$23*D61

Sheet Sonuc
A1: KARARLI DURUM (4. YIL) SONUÇLARI: aktif senaryo
A2: Ort. hasılat (TL) | B2: =SUMPRODUCT(Hesap!$E$2:$E$61,Hesap!$D$2:$D$61)
A3: Ort. tevkifat (TL) | B3: =SUMPRODUCT(Hesap!$E$2:$E$61,Hesap!$G$2:$G$61)
A4: Etkin tevkifat oranı | B4: =B3/B2
A5: Katılımcı (kişi) | B5: =Girdiler!$F$9
A6: Brüt tevkifat (TL) | B6: =B5*B3
A7: BES + Devlet katkısı (TL) | B7: =B5*SUMPRODUCT(Hesap!$E$2:$E$61,Hesap!$I$2:$I$61)
A8: 90 gün prim hibesi (TL) | B8: =B5*SUMPRODUCT(Hesap!$E$2:$E$61,Hesap!$J$2:$J$61)
A9: Donanım KDV mahsubu (TL) | B9: =B5*SUMPRODUCT(Hesap!$E$2:$E$61,Hesap!$K$2:$K$61)
A10: Yutulma: vergi (TL) | B10: =B5*(Girdiler!$F$10*SUMPRODUCT(Hesap!$E$2:$E$61,Hesap!$L$2:$L$61)+Girdiler!$F$12*SUMPRODUCT(Hesap!$E$2:$E$61,Hesap!$N$2:$N$61))
A11: Yutulma: prim (TL) | B11: =B5*Girdiler!$F$10*SUMPRODUCT(Hesap!$E$2:$E$61,Hesap!$M$2:$M$61)
A12: Sahte fatura kaybı (TL) | B12: =MAX(Girdiler!$F$30*(1-Girdiler!$F$31)*Girdiler!$F$28*B5*B2*(Girdiler!$F$29-B4),0)
A13: KGF maliyeti (TL) | B13: =B5*Girdiler!$F$32*Girdiler!$F$35*B2*Girdiler!$F$33*(1-Girdiler!$F$34)
A14: BT yıllık işletme (TL) | B14: =Girdiler!$F$39
A15: İtiraz gideri (TL) | B15: =B5*Girdiler!$F$40*Girdiler!$F$41
A16: Denetim (TL) | B16: =Girdiler!$F$42*B6
A17: NET HAZİNE ETKİSİ (TL/yıl) | B17: =B6-B7-B8-B9-B10-B11-B12-B13-B14-B15-B16
A18: Net (milyar TL) | B18: =B17/1000000000
A21: Not: prim sürekliliği (prim_devam=1) ile kırılma noktası yoktur; s=1 için Python varyantı Senaryolar_Python sayfasındadır.

Sheet Senaryolar_Python
A1: Python modeli çıktıları (statik değerler; model.py ve analiz.py ile üretilir)
A3: Senaryo | B3: 4. yıl net (mlr TL) | C3: 5 yıl NPV (mlr TL)
A4: Kötümser | B4: 1.0844634 | C4: 2.9862595
A5: Orta | B5: 4.8637428 | C5: 14.451672
A6: İyimser | B6: 14.185373 | C6: 42.73259
A8: Politika varyantları (Orta, 4. yıl net, mlr TL)
A9: G0 Seçilen: kapısız, halen kayıtlı olanın 4/b primi sürer (s=0,15) | B9: 4.8637428
A10: G1 Prim sürekliliği olmasaydı (kapısız, s=0,15) | B10: -1.0876152
A11: G2 Önceki karar: 24 ay giriş kapısı (s=0,05, prim sürekliliği yok) | B11: 3.4404816
A12: G3 Harici öneri: düz %15 (%5 prim payı), hibe yok, kapısız (s=0,15) | B12: 1.8239549
A13: G4 Seçilen, herkes geçse (s=1,00) | B13: 1.075453
A14: G5 Seçilen + 90 gün prim hibesi yok | B14: 5.22316
A15: G6 Seçilen + donanım KDV mahsubu yok | B15: 5.4902527
A16: G7 Seçilen + (e) bendi yok: düz %10,5 | B16: 4.2947304
A17: G8 Seçilen + götürü gider %25 | B17: 5.5199022
A19: Kırılma noktası s* (Orta) | B19: yok
A21: Monte Carlo (4000 deneme), 4. yıl net (mlr TL)
A22: P5 | B22: 1.3716853
A23: P10 | B23: 1.8160437
A24: P25 | B24: 2.7404481
A25: P50 | B25: 4.2108332
A26: P75 | B26: 6.3487015
A27: P90 | B27: 9.0501443
A28: P95 | B28: 11.312762
A29: P(net>0) | B29: 0.99875
A31: Tornado (Orta tabanı, 4. yıl net değişimi, mlr TL)
A32: n_toplam | B32: -2.807853 | C32: 4.9137428
A33: medyan_W | B33: -1.8168466 | C33: 2.0275652
A34: s_kayitli | B34: 0.84078718 | C34: -0.28026239
A35: uyum_ucretli | B35: 0.58570256 | C35: -0.58570256
A36: marj | B36: 0.55897757 | C36: -0.57863234
A37: u_ucretli | B37: 0.48808546 | C37: -0.48808546
A38: sigma | B38: -0.46206567 | C38: 0.021126012
A39: kdv_donanim_pay | B39: 0.31325492 | C39: -0.31325492
A40: r_marj_ucretli | B40: 0.25308135 | C40: -0.28923583
A41: myo_uygun | B41: 0.25672655 | C41: -0.25672655
A42: kgf_alim | B42: 0.075924405 | C42: -0.12654068
A43: kgf_temerrut | B43: 0.063270338 | C43: -0.12654068
... A47: prim_odeme | B47: 0 | C47: 0
